{
  "integrations": [
    {
      "id": "30fa4c08-53e5-4dbe-9321-c83d6da3998f",
      "name": "Alert - Inbound",
      "action": "CREATE_EVENT",
      "type": "INBOUND_WEBHOOK",
      "deployed": true,
      "form": "24a816fe-6466-4dc1-ac4a-0f4dce3b0041",
      "script": "/*\n * Alert - Inbound\n */\nvar util = require('util');\n\nvar data = JSON.parse(request.body);\n\nconsole.log('Terminating any previous events for Incident ID: ' + data.incidentId);\nvar terminatePayload = {};\nterminatePayload['incidentId#' + constants['Language']] = data.incidentId;\nutil.terminateEvents(terminatePayload);\n\ntrigger.properties = data;\n\n// serialize `inputs` so that we can use it in the outbounds\ndata.inputs = data.inputs ? JSON.stringify(data.inputs) : '';\n\nif (data.status.toLowerCase() === \"ok\") {\n    console.log('Incident ' + data.incidentId + ' has been resolved in Signal Fx');\n    \n} else {\n    console.log('Creating new event for Signal Fx incident ' + data.incidentId);\n\n    // Define recipients if present\n    var recipients = [];\n    if (data.recipient) {\n        recipients.push({\n            'targetName': data.recipient\n        });\n    }\n    trigger.recipients = recipients;\n    \n    // Post trigger to form\n    var response = form.post(trigger);\n    \n    // Handle the response\n    if (!util.isValidStatusCode(response.statusCode)) {\n        throw 'Error attempting form post: ' + JSON.stringify(response);\n    }\n}",
      "environment": "HOSTED"
    },
    {
      "id": "3477714e-f6c4-444b-bb07-6c9e5ccc33de",
      "name": "Alert - Inbound Terminate Events",
      "action": "RUN_SCRIPT",
      "type": "INBOUND_WEBHOOK",
      "deployed": true,
      "script": "/*\n * Alert - Inbound Terminate Events\n */\nvar util = require('util');\n\nvar data = JSON.parse(request.body);\n\nconsole.log('Terminating any events for Incident ID: ' + data.incidentId);\nif ('incidentId' in data) {\n    var terminatePayload = {};\n    terminatePayload['incidentId#' + constants['Language']] = data.incidentId;\n    util.terminateEvents(terminatePayload);\n}\n",
      "environment": "HOSTED"
    },
    {
      "id": "ed35fa93-d470-47f0-8212-af606ddd7892",
      "name": "Alert - Outbound Delivery",
      "action": "RUN_SCRIPT",
      "type": "OUTBOUND_WEBHOOK",
      "triggeredBy": "DELIVERYSTATUS",
      "deployed": true,
      "form": "24a816fe-6466-4dc1-ac4a-0f4dce3b0041",
      "script": "/*\n * Alert - Outbound Delivery\n */\nvar signalFxClient = require('signal-fx-client').buildClient('Signal Fx API', 'Signal Fx Ingest', constants['API Token']);\nvar util = require('util');\n\nvar callback = util.parseCallback(request.body);\nconsole.log('Executing outbound delivery integration for xMatters event ID: ' + callback.eventIdentifier);\n\nvar eventProps = callback.eventProperties;\nif (eventProps.inputs) {\n    eventProps.inputs = JSON.parse(eventProps.inputs);\n}\nvar message = util.buildDeliveryMessage(callback);\n\nvar response = signalFxClient.createDeliveryEvent(eventProps.incidentId, callback.eventIdentifier, message);\nif (!util.isValidStatusCode(response.statusCode)) {\n    throw 'Error attempting to create event: ' + JSON.stringify(response);\n}\n",
      "environment": "HOSTED"
    },
    {
      "id": "b24335b5-0f9d-4789-86f6-b6118006d8a6",
      "name": "Alert - Outbound Response",
      "action": "RUN_SCRIPT",
      "type": "OUTBOUND_WEBHOOK",
      "triggeredBy": "RESPONSE",
      "deployed": true,
      "form": "24a816fe-6466-4dc1-ac4a-0f4dce3b0041",
      "script": "/*\n * Alert - Outbound Response\n */\nvar signalFxClient = require('signal-fx-client').buildClient('Signal Fx API', 'Signal Fx Ingest', constants['API Token']);\nvar util = require('util');\nvar timeUtil = require('time-util');\n\nvar callback = util.parseCallback(request.body);\nconsole.log('Executing outbound response integration for xMatters event ID: ' + callback.eventIdentifier);\n\nvar eventProps = callback.eventProperties;\nif (eventProps.inputs) {\n    eventProps.inputs = JSON.parse(eventProps.inputs);\n}\nvar message = util.buildResponseMessage(callback);\n\nvar response = signalFxClient.createResponseEvent(eventProps.incidentId, callback.eventIdentifier, callback.response, message);\nif (!util.isValidStatusCode(response.statusCode)) {\n    throw 'Error attempting to create event: ' + JSON.stringify(response);\n}\n\nvar detectorId = signalFxClient.parseDetectorId(eventProps.detectorUrl);\nvar filterProperties = signalFxClient.parseFilterProperties(eventProps.inputs);\n\nif (callback.response === 'Mute Notifications') {\n    var startDate = new Date();\n    var dateOffset = timeUtil.extractDateOffsetFromString(constants['Mute Duration']);\n    var stopDate = timeUtil.getOffsetDate(dateOffset, startDate);\n    response = signalFxClient.muteNotifications(detectorId, filterProperties, startDate, stopDate);\n    if (!util.isValidStatusCode(response.statusCode)) {\n        throw 'Error attempting to mute alert notifications in Signal Fx: ' + JSON.stringify(response);\n    }\n}\n\nif (callback.response === 'Unmute Notifications') {\n    response = signalFxClient.unmuteNotifications(detectorId, filterProperties);\n    if (!util.isValidStatusCode(response.statusCode)) {\n        throw 'Error attempting to unmute alert notifications in Signal Fx: ' + JSON.stringify(response);\n    }\n}\n\nif (callback.response === 'Resolve') {\n    response = signalFxClient.clearIncident(eventProps.incidentId);\n    if (!util.isValidStatusCode(response.statusCode)) {\n        throw 'Error attempting to resolve incident in Signal Fx: ' + JSON.stringify(response);\n    }\n}",
      "environment": "HOSTED"
    },
    {
      "id": "f71e9fff-b9c4-42de-84f4-ccb87f064c4c",
      "name": "Alert - Outbound Status",
      "action": "RUN_SCRIPT",
      "type": "OUTBOUND_WEBHOOK",
      "triggeredBy": "STATUS",
      "deployed": true,
      "form": "24a816fe-6466-4dc1-ac4a-0f4dce3b0041",
      "script": "/*\n * Alert - Outbound Status\n */\nvar signalFxClient = require('signal-fx-client').buildClient('Signal Fx API', 'Signal Fx Ingest', constants['API Token']);\nvar util = require('util');\n\nvar callback = util.parseCallback(request.body);\nconsole.log('Executing outbound status integration for xMatters event ID: ' + callback.eventIdentifier);\n\nvar eventProps = callback.eventProperties;\nif (eventProps.inputs) {\n    eventProps.inputs = JSON.parse(eventProps.inputs);\n}\nvar message = util.buildResponseMessage(callback);\n\nvar response = signalFxClient.createStatusEvent(eventProps.incidentId, callback.eventIdentifier, callback.status, message);\nif (!util.isValidStatusCode(response.statusCode)) {\n    throw 'Error attempting to create event: ' + JSON.stringify(response);\n}\n",
      "environment": "HOSTED"
    }
  ],
  "endpoints": [
    {
      "name": "Signal Fx API",
      "baseUrl": "https://api.signalfx.com",
      "type": "EXTERNAL",
      "authentication": "NO_AUTH"
    },
    {
      "name": "Signal Fx Ingest",
      "baseUrl": "https://ingest.signalfx.com",
      "type": "EXTERNAL",
      "authentication": "NO_AUTH"
    }
  ],
  "constants": [
    {
      "name": "API Token",
      "value": "lW9fFN7RveeTE5lZvbXZpQ",
      "description": "API Access token for Signal Fx"
    },
    {
      "name": "Language",
      "value": "EN",
      "description": "The language of used for properties in the comm plan"
    },
    {
      "name": "Mute Duration",
      "value": "30 minutes",
      "description": "The duration for muting an alert notification"
    }
  ]
}